1;1;-;-;-;-;1237448103;-
1;1;-;-;8920037;-;-;138565772
1;1;1;-;-;-;285874986;-
1;1;2;-;-;-;250783979;-
1;1;3;-;-;-;252342841;-
1;1;4;-;-;-;237194245;-
1;1;5;-;-;-;211252052;-
1;2;-;-;-;-;1075907117;-
1;2;-;-;8920038;-;-;155209824
1;2;6;-;-;-;241913870;-
1;2;7;-;-;-;210915734;-
1;2;8;-;-;-;313316139;-
1;2;9;-;-;-;309761374;-
1;3;-;-;-;-;1177923397;-
1;3;-;-;8920039;-;-;141705815
1;3;10;-;-;-;314614039;-
1;3;11;-;-;-;464076848;-
1;3;12;-;-;-;399232510;-
1;4;-;-;-;-;877741257;-
1;4;-;-;8920040;-;-;119063587
1;4;13;-;-;-;228745347;-
1;4;14;-;-;-;228534267;-
1;4;15;-;-;-;254158828;-
1;4;16;-;-;-;166302815;-
1;5;-;-;-;-;1193411881;-
1;5;-;-;8920041;-;-;119675937
1;5;-;-;8920042;-;-;108898377
1;5;17;-;-;-;263112281;-
1;5;18;-;-;-;241847803;-
1;5;19;-;-;-;199595104;-
1;5;20;-;-;-;273363532;-
1;5;21;-;-;-;215493161;-
1;6;-;-;-;-;1193553016;-
1;6;-;-;8920043;-;-;148130695
1;6;22;-;-;-;286251403;-
1;6;23;-;-;-;395873865;-
1;6;24;-;-;-;274733064;-
1;6;25;-;-;-;236694684;-
1;7;-;-;-;-;1181324214;-
1;7;-;-;8920044;-;-;131911356
1;7;26;-;-;-;417545264;-
1;7;27;-;-;-;323344552;-
1;7;28;-;-;-;440434398;-
1;8;-;-;-;-;1225525309;-
1;8;-;-;8920045;-;-;134658674
1;8;29;-;-;-;368120178;-
1;8;30;-;-;-;221460798;-
1;8;31;-;-;-;302350930;-
1;8;32;-;-;-;333593403;-
1;9;-;-;-;-;997845842;-
1;9;-;-;8920046;-;-;136069174
1;9;33;-;-;-;217027784;-
1;9;34;-;-;-;320941367;-
1;9;35;-;-;-;270355051;-
1;9;36;-;-;-;189521640;-
1;10;-;-;-;-;1014016701;-
1;10;-;-;8920047;-;-;142854517
1;10;-;-;8920048;-;-;106842198
1;10;-;-;8920049;-;-;110369771
1;10;37;-;-;-;182092632;-
1;10;38;-;-;-;301362522;-
1;10;39;-;-;-;200321822;-
1;10;40;-;-;-;330239725;-
1;11;-;-;-;-;834517157;-
1;11;-;-;8920050;-;-;131399592
1;11;41;-;-;-;320920169;-
1;11;42;-;-;-;293840381;-
1;11;43;-;-;-;219756607;-
1;12;-;-;-;-;1303476621;-
1;12;-;-;8920051;-;-;149384879
1;12;44;-;-;-;212602470;-
1;12;45;-;-;-;208527332;-
1;12;46;-;-;-;173703332;-
1;12;47;-;-;-;319113340;-
1;12;48;-;-;-;197218119;-
1;12;49;-;-;-;192312028;-
1;13;-;-;-;-;1152233468;-
1;13;-;-;8920052;-;-;147238450
1;13;50;-;-;-;269837981;-
1;13;51;-;-;-;337259780;-
1;13;52;-;-;-;235108603;-
1;13;53;-;-;-;310027104;-
1;14;-;-;-;-;1303958113;-
1;14;-;-;8920053;-;-;110113728
1;14;54;-;-;-;436562106;-
1;14;55;-;-;-;450390496;-
1;14;56;-;-;-;417005511;-
1;15;-;-;-;-;1072851299;-
1;15;-;-;8920054;-;-;139549580
1;15;-;-;8920055;-;-;145979399
1;15;57;-;-;-;219087477;-
1;15;58;-;-;-;181634893;-
1;15;59;-;-;-;238485436;-
1;15;60;-;-;-;193431130;-
1;15;61;-;-;-;240212363;-
1;16;-;-;-;-;844674595;-
1;16;-;-;8920056;-;-;148667341
1;16;62;-;-;-;229725982;-
1;16;63;-;-;-;165809766;-
1;16;64;-;-;-;223695058;-
1;16;65;-;-;-;225443789;-
1;17;-;-;-;-;1260762394;-
1;17;-;-;8920057;-;-;152820499
1;17;66;-;-;-;241756093;-
1;17;67;-;-;-;403877508;-
1;17;68;-;-;-;293941789;-
1;17;69;-;-;-;321187004;-
1;18;-;-;-;-;898830035;-
1;18;-;-;8920058;-;-;134927551
1;18;70;-;-;-;206802902;-
1;18;71;-;-;-;150055749;-
1;18;72;-;-;-;185338694;-
1;18;73;-;-;-;158078744;-
1;18;74;-;-;-;198553946;-
1;19;-;-;-;-;1171464722;-
1;19;-;-;8920059;-;-;113299084
1;19;75;-;-;-;180628187;-
1;19;76;-;-;-;196430154;-
1;19;77;-;-;-;154844046;-
1;19;78;-;-;-;181549413;-
1;19;79;-;-;-;215987500;-
1;19;80;-;-;-;242025422;-
1;20;-;-;-;-;1303143153;-
1;20;-;-;8920060;-;-;110192521
1;20;81;-;-;-;371704178;-
1;20;82;-;-;-;410541069;-
1;20;83;-;-;-;520897906;-
1;21;-;-;-;-;1056329212;-
1;21;-;-;8920061;-;-;133611018
1;21;84;-;-;-;358027744;-
1;21;85;-;-;-;342419577;-
1;21;86;-;-;-;355881891;-
2;22;-;-;-;-;847757919;-
2;22;-;-;8920062;-;-;149612716
2;22;87;-;-;-;175749373;-
2;22;88;-;-;-;231744291;-
2;22;89;-;-;-;246139268;-
2;22;90;-;-;-;194124987;-
2;23;-;-;-;-;903182609;-
2;23;-;-;8920063;-;-;130051807
2;23;91;-;-;-;124038558;-
2;23;92;-;-;-;163876800;-
2;23;93;-;-;-;175562839;-
2;23;94;-;-;-;187377259;-
2;23;95;-;-;-;120603822;-
2;23;96;-;-;-;131723331;-
2;24;-;-;-;-;672839202;-
2;24;-;-;8920064;-;-;118763764
2;24;97;-;-;-;115647764;-
2;24;98;-;-;-;143948794;-
2;24;99;-;-;-;158750372;-
2;24;100;-;-;-;142866907;-
2;24;101;-;-;-;111625365;-
2;25;-;-;-;-;849769846;-
2;25;-;-;8920065;-;-;110408678
2;25;102;-;-;-;164981952;-
2;25;103;-;-;-;227875418;-
2;25;104;-;-;-;130618161;-
2;25;105;-;-;-;148308223;-
2;25;106;-;-;-;177986092;-
2;26;-;-;-;-;855740073;-
2;26;-;-;8920066;-;-;152061021
2;26;107;-;-;-;274953638;-
2;26;108;-;-;-;172974336;-
2;26;109;-;-;-;226181853;-
2;26;110;-;-;-;181630246;-
2;27;-;-;-;-;785128346;-
2;27;-;-;8920067;-;-;131015666
2;27;111;-;-;-;252099741;-
2;27;112;-;-;-;180859857;-
2;27;113;-;-;-;166484460;-
2;27;114;-;-;-;185684288;-
2;28;-;-;-;-;838131908;-
2;28;-;-;8920068;-;-;124631112
2;28;-;-;8920069;-;-;119988054
2;28;115;-;-;-;146902829;-
2;28;116;-;-;-;196455961;-
2;28;117;-;-;-;149692650;-
2;28;118;-;-;-;211112463;-
2;28;119;-;-;-;133968005;-
2;29;-;-;-;-;693865548;-
2;29;-;-;8920070;-;-;143696273
2;29;120;-;-;-;153180498;-
2;29;121;-;-;-;145019218;-
2;29;122;-;-;-;126279188;-
2;29;123;-;-;-;140460572;-
2;29;124;-;-;-;128926072;-
2;30;-;-;-;-;784860508;-
2;30;-;-;8920071;-;-;129928884
2;30;125;-;-;-;221187273;-
2;30;126;-;-;-;237827561;-
2;30;127;-;-;-;175632404;-
2;30;128;-;-;-;150213270;-
2;31;-;-;-;-;835142814;-
2;31;-;-;8920072;-;-;111009757
2;31;-;-;8920073;-;-;133767389
2;31;129;-;-;-;134989187;-
2;31;130;-;-;-;97575362;-
2;31;131;-;-;-;152975454;-
2;31;132;-;-;-;139686672;-
2;31;133;-;-;-;165119234;-
2;31;134;-;-;-;144796905;-
2;32;-;-;-;-;632674426;-
2;32;-;-;8920074;-;-;154482686
2;32;135;-;-;-;168331583;-
2;32;136;-;-;-;143878477;-
2;32;137;-;-;-;178121218;-
2;32;138;-;-;-;142343148;-
2;33;-;-;-;-;695360851;-
2;33;-;-;8920075;-;-;152718959
2;33;139;-;-;-;251865809;-
2;33;140;-;-;-;155297347;-
2;33;141;-;-;-;288197695;-
2;34;-;-;-;-;689553647;-
2;34;-;-;8920076;-;-;147709442
2;34;142;-;-;-;114167989;-
2;34;143;-;-;-;112545355;-
2;34;144;-;-;-;128123458;-
2;34;145;-;-;-;178161707;-
2;34;146;-;-;-;156555138;-
2;35;-;-;-;-;823596420;-
2;35;-;-;8920077;-;-;137455678
2;35;147;-;-;-;162292450;-
2;35;148;-;-;-;218216368;-
2;35;149;-;-;-;218239214;-
2;35;150;-;-;-;224848388;-
2;36;-;-;-;-;593003046;-
2;36;-;-;8920078;-;-;132342890
2;36;151;-;-;-;226108934;-
2;36;152;-;-;-;220962213;-
2;36;153;-;-;-;145931899;-
2;37;-;-;-;-;690180488;-
2;37;-;-;8920079;-;-;118051644
2;37;-;-;8920080;-;-;124573993
2;37;154;-;-;-;243441966;-
2;37;155;-;-;-;242927860;-
2;37;156;-;-;-;203810662;-
2;38;-;-;-;-;543555445;-
2;38;-;-;8920081;-;-;150974277
2;38;157;-;-;-;137359714;-
2;38;158;-;-;-;225402808;-
2;38;159;-;-;-;180792923;-
2;39;-;-;-;-;561078192;-
2;39;-;-;8920082;-;-;142859184
2;39;160;-;-;-;166445876;-
2;39;161;-;-;-;122865612;-
2;39;162;-;-;-;140081004;-
2;39;163;-;-;-;131685700;-
2;40;-;-;-;-;840318032;-
2;40;-;-;8920083;-;-;147001818
2;40;-;-;8920084;-;-;135387278
2;40;164;-;-;-;360058271;-
2;40;165;-;-;-;260925410;-
2;40;166;-;-;-;219334351;-
2;41;-;-;-;-;709780514;-
2;41;-;-;8920085;-;-;103924681
2;41;-;-;8920086;-;-;129039603
2;41;167;-;-;-;146913352;-
2;41;168;-;-;-;122738622;-
2;41;169;-;-;-;103430734;-
2;41;170;-;-;-;124685459;-
2;41;171;-;-;-;98299749;-
2;41;172;-;-;-;113712598;-
2;42;-;-;-;-;565940992;-
2;42;-;-;8920087;-;-;116293766
2;42;173;-;-;-;139203082;-
2;42;174;-;-;-;157536746;-
2;42;175;-;-;-;135847569;-
2;42;176;-;-;-;133353595;-
2;43;-;-;-;-;661143314;-
2;43;-;-;8920088;-;-;118489290
2;43;177;-;-;-;182972779;-
2;43;178;-;-;-;197312809;-
2;43;179;-;-;-;125198017;-
2;43;180;-;-;-;155659709;-
2;44;-;-;-;-;822125090;-
2;44;-;-;8920089;-;-;150974422
2;44;181;-;-;-;177729408;-
2;44;182;-;-;-;152978900;-
2;44;183;-;-;-;180900577;-
2;44;184;-;-;-;180225097;-
2;44;185;-;-;-;130291108;-
2;45;-;-;-;-;685505470;-
2;45;-;-;8920090;-;-;146904512
2;45;-;-;8920091;-;-;114494728
2;45;186;-;-;-;253900762;-
2;45;187;-;-;-;257876030;-
2;45;188;-;-;-;173728678;-
3;46;-;-;-;-;1784785254;-
3;46;-;-;8920092;-;-;133194083
3;46;189;-;-;-;500946346;-
3;46;190;-;-;-;478077322;-
3;46;191;-;-;-;344421688;-
3;46;192;-;-;-;461339898;-
3;47;-;-;-;-;1561952785;-
3;47;-;-;8920093;-;-;104826131
3;47;193;-;-;-;324277292;-
3;47;194;-;-;-;253497955;-
3;47;195;-;-;-;281716163;-
3;47;196;-;-;-;337576156;-
3;47;197;-;-;-;364885219;-
3;48;-;-;-;-;1354004054;-
3;48;-;-;8920094;-;-;130922440
3;48;198;-;-;-;198223876;-
3;48;199;-;-;-;253348045;-
3;48;200;-;-;-;146118928;-
3;48;201;-;-;-;245576077;-
3;48;202;-;-;-;269766719;-
3;48;203;-;-;-;240970409;-
3;49;-;-;-;-;1076969353;-
3;49;-;-;8920095;-;-;116980993
3;49;204;-;-;-;231038477;-
3;49;205;-;-;-;232541946;-
3;49;206;-;-;-;255510931;-
3;49;207;-;-;-;144892467;-
3;49;208;-;-;-;212985532;-
3;50;-;-;-;-;1269781112;-
3;50;-;-;8920096;-;-;142213967
3;50;209;-;-;-;269755601;-
3;50;210;-;-;-;157475881;-
3;50;211;-;-;-;288241478;-
3;50;212;-;-;-;312461369;-
3;50;213;-;-;-;241846783;-
3;51;-;-;-;-;1030602310;-
3;51;-;-;8920097;-;-;145148567
3;51;214;-;-;-;312467328;-
3;51;215;-;-;-;226348680;-
3;51;216;-;-;-;263340680;-
3;51;217;-;-;-;228445622;-
3;52;-;-;-;-;1216900553;-
3;52;-;-;8920098;-;-;104262454
3;52;-;-;8920099;-;-;151922906
3;52;-;-;8920100;-;-;150038025
3;52;-;-;8920101;-;-;148186823
3;52;218;-;-;-;305487792;-
3;52;219;-;-;-;251491875;-
3;52;220;-;-;-;270097799;-
3;52;221;-;-;-;389823087;-
3;53;-;-;-;-;1597231222;-
3;53;-;-;8920102;-;-;104970553
3;53;222;-;-;-;310762445;-
3;53;223;-;-;-;257748157;-
3;53;224;-;-;-;328536619;-
3;53;225;-;-;-;243795806;-
3;53;226;-;-;-;222219000;-
3;53;227;-;-;-;234169195;-
3;54;-;-;-;-;1195228049;-
3;54;-;-;8920103;-;-;106635354
3;54;228;-;-;-;283838682;-
3;54;229;-;-;-;361000308;-
3;54;230;-;-;-;239561831;-
3;54;231;-;-;-;310827228;-
3;55;-;-;-;-;1695368123;-
3;55;-;-;8920104;-;-;105015461
3;55;232;-;-;-;395963771;-
3;55;233;-;-;-;363433875;-
3;55;234;-;-;-;461734343;-
3;55;235;-;-;-;474236134;-
3;56;-;-;-;-;1656204253;-
3;56;-;-;8920105;-;-;148407623
3;56;236;-;-;-;298895088;-
3;56;237;-;-;-;390056752;-
3;56;238;-;-;-;400751318;-
3;56;239;-;-;-;261372892;-
3;56;240;-;-;-;305128203;-
3;57;-;-;-;-;1335331690;-
3;57;-;-;8920106;-;-;140270786
3;57;241;-;-;-;218341434;-
3;57;242;-;-;-;168283677;-
3;57;243;-;-;-;246386138;-
3;57;244;-;-;-;253698193;-
3;57;245;-;-;-;262348676;-
3;57;246;-;-;-;186273572;-
3;58;-;-;-;-;1305821061;-
3;58;-;-;8920107;-;-;128763399
3;58;247;-;-;-;296296933;-
3;58;248;-;-;-;326067073;-
3;58;249;-;-;-;307404604;-
3;58;250;-;-;-;376052451;-
3;59;-;-;-;-;1386786977;-
3;59;-;-;8920108;-;-;128885898
3;59;251;-;-;-;306635737;-
3;59;252;-;-;-;399514206;-
3;59;253;-;-;-;390354178;-
3;59;254;-;-;-;290282856;-
3;60;-;-;-;-;1194518840;-
3;60;-;-;8920109;-;-;112734456
3;60;255;-;-;-;205000310;-
3;60;256;-;-;-;227679122;-
3;60;257;-;-;-;257423699;-
3;60;258;-;-;-;235771099;-
3;60;259;-;-;-;268644610;-
3;61;-;-;-;-;1409247760;-
3;61;-;-;8920110;-;-;112381751
3;61;260;-;-;-;448179312;-
3;61;261;-;-;-;572639461;-
3;61;262;-;-;-;388428987;-
3;62;-;-;-;-;1322270276;-
3;62;-;-;8920111;-;-;131401543
3;62;263;-;-;-;241573266;-
3;62;264;-;-;-;276502577;-
3;62;265;-;-;-;191343698;-
3;62;266;-;-;-;172264442;-
3;62;267;-;-;-;281238853;-
3;62;268;-;-;-;159347440;-
3;63;-;-;-;-;1262941066;-
3;63;-;-;8920112;-;-;122031423
3;63;-;-;8920113;-;-;132460508
3;63;269;-;-;-;245235581;-
3;63;270;-;-;-;252845540;-
3;63;271;-;-;-;271725172;-
3;63;272;-;-;-;271096326;-
3;63;273;-;-;-;222038447;-
3;64;-;-;-;-;1114052135;-
3;64;-;-;8920114;-;-;134676545
3;64;-;-;8920115;-;-;114411268
3;64;274;-;-;-;206286199;-
3;64;275;-;-;-;180959344;-
3;64;276;-;-;-;224158978;-
3;64;277;-;-;-;268555498;-
3;64;278;-;-;-;234092116;-
3;65;-;-;-;-;1520404881;-
3;65;-;-;8920116;-;-;123468772
3;65;279;-;-;-;381303020;-
3;65;280;-;-;-;493370806;-
3;65;281;-;-;-;324857150;-
3;65;282;-;-;-;320873905;-
4;66;-;-;-;-;1873665187;-
4;66;-;-;8920117;-;-;110471387
4;66;283;-;-;-;618881588;-
4;66;284;-;-;-;583128307;-
4;66;285;-;-;-;671655292;-
4;67;-;-;-;-;1394106905;-
4;67;-;-;8920118;-;-;102854535
4;67;286;-;-;-;279541571;-
4;67;287;-;-;-;261951031;-
4;67;288;-;-;-;189839954;-
4;67;289;-;-;-;224154852;-
4;67;290;-;-;-;204723181;-
4;67;291;-;-;-;233896316;-
4;68;-;-;-;-;2085666689;-
4;68;-;-;8920119;-;-;137096317
4;68;292;-;-;-;620088958;-
4;68;293;-;-;-;833684640;-
4;68;294;-;-;-;631893091;-
4;69;-;-;-;-;1817244940;-
4;69;-;-;8920120;-;-;136275487
4;69;295;-;-;-;300627372;-
4;69;296;-;-;-;386122900;-
4;69;297;-;-;-;248251191;-
4;69;298;-;-;-;359329976;-
4;69;299;-;-;-;260169148;-
4;69;300;-;-;-;262744353;-
4;70;-;-;-;-;1843150081;-
4;70;-;-;8920121;-;-;140030897
4;70;301;-;-;-;232225841;-
4;70;302;-;-;-;290427711;-
4;70;303;-;-;-;378358072;-
4;70;304;-;-;-;391232990;-
4;70;305;-;-;-;298203338;-
4;70;306;-;-;-;252702129;-
4;71;-;-;-;-;1426825546;-
4;71;-;-;8920122;-;-;140744162
4;71;307;-;-;-;518768356;-
4;71;308;-;-;-;385472266;-
4;71;309;-;-;-;522584924;-
4;72;-;-;-;-;1349764662;-
4;72;-;-;8920123;-;-;142900515
4;72;310;-;-;-;274891710;-
4;72;311;-;-;-;299578801;-
4;72;312;-;-;-;258568377;-
4;72;313;-;-;-;287191020;-
4;72;314;-;-;-;229534754;-
4;73;-;-;-;-;1920059165;-
4;73;-;-;8920124;-;-;140656815
4;73;315;-;-;-;574041699;-
4;73;316;-;-;-;608076476;-
4;73;317;-;-;-;737940990;-
4;74;-;-;-;-;1595417048;-
4;74;-;-;8920125;-;-;135666710
4;74;318;-;-;-;325037484;-
4;74;319;-;-;-;297149758;-
4;74;320;-;-;-;277809328;-
4;74;321;-;-;-;175413406;-
4;74;322;-;-;-;287463260;-
4;74;323;-;-;-;232543812;-
4;75;-;-;-;-;1540205878;-
4;75;-;-;8920126;-;-;125175441
4;75;-;-;8920127;-;-;110428393
4;75;324;-;-;-;394349528;-
4;75;325;-;-;-;341636154;-
4;75;326;-;-;-;256409415;-
4;75;327;-;-;-;322698654;-
4;75;328;-;-;-;225112127;-
4;76;-;-;-;-;1757791729;-
4;76;-;-;8920128;-;-;140840613
4;76;329;-;-;-;480459887;-
4;76;330;-;-;-;320901282;-
4;76;331;-;-;-;474963218;-
4;76;332;-;-;-;481467342;-
4;77;-;-;-;-;1299512057;-
4;77;-;-;8920129;-;-;142759473
4;77;333;-;-;-;365905095;-
4;77;334;-;-;-;539122998;-
4;77;335;-;-;-;394483964;-
4;78;-;-;-;-;1531178505;-
4;78;-;-;8920130;-;-;132779966
4;78;336;-;-;-;420574208;-
4;78;337;-;-;-;391696645;-
4;78;338;-;-;-;283406269;-
4;78;339;-;-;-;435501383;-
4;79;-;-;-;-;1797201861;-
4;79;-;-;8920131;-;-;143095146
4;79;340;-;-;-;385183731;-
4;79;341;-;-;-;230986394;-
4;79;342;-;-;-;258643305;-
4;79;343;-;-;-;274757715;-
4;79;344;-;-;-;312459246;-
4;79;345;-;-;-;335171470;-
4;80;-;-;-;-;2112855768;-
4;80;-;-;8920132;-;-;108979593
4;80;346;-;-;-;640050035;-
4;80;347;-;-;-;853061185;-
4;80;348;-;-;-;619744548;-
4;81;-;-;-;-;1674080285;-
4;81;-;-;8920133;-;-;105581381
4;81;349;-;-;-;233705389;-
4;81;350;-;-;-;311193844;-
4;81;351;-;-;-;264202897;-
4;81;352;-;-;-;261902489;-
4;81;353;-;-;-;345353683;-
4;81;354;-;-;-;257721983;-
4;82;-;-;-;-;1370446646;-
4;82;-;-;8920134;-;-;141889743
4;82;355;-;-;-;480578743;-
4;82;356;-;-;-;468310243;-
4;82;357;-;-;-;421557660;-
4;83;-;-;-;-;1792272466;-
4;83;-;-;8920135;-;-;148080647
4;83;358;-;-;-;536005054;-
4;83;359;-;-;-;427004918;-
4;83;360;-;-;-;389733016;-
4;83;361;-;-;-;439529478;-
5;84;-;-;-;-;488907489;-
5;84;-;-;8920136;-;-;101515210
5;84;362;-;-;-;131638081;-
5;84;363;-;-;-;98023687;-
5;84;364;-;-;-;114840215;-
5;84;365;-;-;-;144405506;-
5;85;-;-;-;-;685383204;-
5;85;-;-;8920137;-;-;143094383
5;85;366;-;-;-;154996692;-
5;85;367;-;-;-;175618880;-
5;85;368;-;-;-;181550887;-
5;85;369;-;-;-;173216745;-
5;86;-;-;-;-;802066726;-
5;86;-;-;8920138;-;-;103793599
5;86;-;-;8920139;-;-;128731895
5;86;370;-;-;-;226607282;-
5;86;371;-;-;-;200094737;-
5;86;372;-;-;-;194250384;-
5;86;373;-;-;-;181114323;-
5;87;-;-;-;-;768313883;-
5;87;-;-;8920140;-;-;107507071
5;87;374;-;-;-;242201449;-
5;87;375;-;-;-;193817809;-
5;87;376;-;-;-;176629028;-
5;87;377;-;-;-;155665597;-
5;88;-;-;-;-;757411368;-
5;88;-;-;8920141;-;-;136976103
5;88;378;-;-;-;173465128;-
5;88;379;-;-;-;171367068;-
5;88;380;-;-;-;233206852;-
5;88;381;-;-;-;179372320;-
5;89;-;-;-;-;746962539;-
5;89;-;-;8920142;-;-;124738835
5;89;382;-;-;-;285120926;-
5;89;383;-;-;-;239137188;-
5;89;384;-;-;-;222704425;-
5;90;-;-;-;-;499398027;-
5;90;-;-;8920143;-;-;127224471
5;90;385;-;-;-;116753079;-
5;90;386;-;-;-;79386375;-
5;90;387;-;-;-;88181852;-
5;90;388;-;-;-;107876788;-
5;90;389;-;-;-;107199933;-
5;91;-;-;-;-;783675806;-
5;91;-;-;8920144;-;-;122177234
5;91;390;-;-;-;143558329;-
5;91;391;-;-;-;191662639;-
5;91;392;-;-;-;183435015;-
5;91;393;-;-;-;155159813;-
5;91;394;-;-;-;109860010;-
5;92;-;-;-;-;743890449;-
5;92;-;-;8920145;-;-;150281172
5;92;395;-;-;-;114653755;-
5;92;396;-;-;-;169318646;-
5;92;397;-;-;-;165569948;-
5;92;398;-;-;-;186306076;-
5;92;399;-;-;-;108042024;-
5;93;-;-;-;-;623462996;-
5;93;-;-;8920146;-;-;137010748
5;93;400;-;-;-;151617216;-
5;93;401;-;-;-;178405836;-
5;93;402;-;-;-;142862158;-
5;93;403;-;-;-;150577786;-
5;94;-;-;-;-;584159278;-
5;94;-;-;8920147;-;-;110505110
5;94;404;-;-;-;107184571;-
5;94;405;-;-;-;138796585;-
5;94;406;-;-;-;112293549;-
5;94;407;-;-;-;141846528;-
5;94;408;-;-;-;84038045;-
5;95;-;-;-;-;542808864;-
5;95;-;-;8920148;-;-;133241219
5;95;409;-;-;-;131697613;-
5;95;410;-;-;-;107800990;-
5;95;411;-;-;-;131412658;-
5;95;412;-;-;-;171897603;-
5;96;-;-;-;-;615233298;-
5;96;-;-;8920149;-;-;139075181
5;96;413;-;-;-;103502441;-
5;96;414;-;-;-;124850721;-
5;96;415;-;-;-;98439875;-
5;96;416;-;-;-;140840420;-
5;96;417;-;-;-;147599841;-
5;97;-;-;-;-;599058699;-
5;97;-;-;8920150;-;-;116569681
5;97;418;-;-;-;206925329;-
5;97;419;-;-;-;162478621;-
5;97;420;-;-;-;229654749;-
5;98;-;-;-;-;633307370;-
5;98;-;-;8920151;-;-;126483525
5;98;421;-;-;-;147375396;-
5;98;422;-;-;-;210874493;-
5;98;423;-;-;-;133352719;-
5;98;424;-;-;-;141704762;-
5;99;-;-;-;-;717306396;-
5;99;-;-;8920152;-;-;115576246
5;99;425;-;-;-;161561384;-
5;99;426;-;-;-;138647871;-
5;99;427;-;-;-;108954175;-
5;99;428;-;-;-;135639576;-
5;99;429;-;-;-;172503390;-
5;100;-;-;-;-;579024114;-
5;100;-;-;8920153;-;-;111898950
5;100;-;-;8920154;-;-;132002907
5;100;430;-;-;-;121918182;-
5;100;431;-;-;-;116227737;-
5;100;432;-;-;-;152880346;-
5;100;433;-;-;-;187997849;-
5;101;-;-;-;-;638108597;-
5;101;-;-;8920155;-;-;127403990
5;101;434;-;-;-;110541797;-
5;101;435;-;-;-;117937764;-
5;101;436;-;-;-;109021051;-
5;101;437;-;-;-;112751232;-
5;101;438;-;-;-;108757032;-
5;101;439;-;-;-;79099721;-
5;102;-;-;-;-;539345133;-
5;102;-;-;8920156;-;-;146617532
5;102;440;-;-;-;74864466;-
5;102;441;-;-;-;97511559;-
5;102;442;-;-;-;101646465;-
5;102;443;-;-;-;68282799;-
5;102;444;-;-;-;107379613;-
5;102;445;-;-;-;89660231;-
5;103;-;-;-;-;486405590;-
5;103;-;-;8920157;-;-;120278194
5;103;446;-;-;-;158377933;-
5;103;447;-;-;-;175375753;-
5;103;448;-;-;-;152651904;-
5;104;-;-;-;-;695358601;-
5;104;-;-;8920158;-;-;126343457
5;104;-;-;8920159;-;-;137699062
5;104;-;-;8920160;-;-;115668592
5;104;449;-;-;-;207752563;-
5;104;450;-;-;-;145810874;-
5;104;451;-;-;-;156329506;-
5;104;452;-;-;-;185465658;-
5;105;-;-;-;-;521338250;-
5;105;-;-;8920161;-;-;120702535
5;105;453;-;-;-;148790657;-
5;105;454;-;-;-;156765274;-
5;105;455;-;-;-;109539555;-
5;105;456;-;-;-;106242764;-
5;106;-;-;-;-;723293549;-
5;106;-;-;8920162;-;-;126441578
5;106;457;-;-;-;235273933;-
5;106;458;-;-;-;137475092;-
5;106;459;-;-;-;187452938;-
5;106;460;-;-;-;163091586;-
5;107;-;-;-;-;703621538;-
5;107;-;-;8920163;-;-;133126442
5;107;461;-;-;-;145455547;-
5;107;462;-;-;-;121342599;-
5;107;463;-;-;-;149810621;-
5;107;464;-;-;-;119971540;-
5;107;465;-;-;-;167041231;-
5;108;-;-;-;-;733496336;-
5;108;-;-;8920164;-;-;131406629
5;108;466;-;-;-;196349234;-
5;108;467;-;-;-;211566497;-
5;108;468;-;-;-;128740428;-
5;108;469;-;-;-;196840177;-
5;109;-;-;-;-;498073547;-
5;109;-;-;8920165;-;-;125703247
5;109;470;-;-;-;95938561;-
5;109;471;-;-;-;72122876;-
5;109;472;-;-;-;79915994;-
5;109;473;-;-;-;91647312;-
5;109;474;-;-;-;82889642;-
5;109;475;-;-;-;75559162;-
5;110;-;-;-;-;598955489;-
5;110;-;-;8920166;-;-;135047469
5;110;-;-;8920167;-;-;127405233
5;110;476;-;-;-;120601791;-
5;110;477;-;-;-;147529274;-
5;110;478;-;-;-;106577613;-
5;110;479;-;-;-;122466574;-
5;110;480;-;-;-;101780237;-
5;111;-;-;-;-;751017585;-
5;111;-;-;8920168;-;-;149866464
5;111;481;-;-;-;190413492;-
5;111;482;-;-;-;207096764;-
5;111;483;-;-;-;204853955;-
5;111;484;-;-;-;148653374;-
5;112;-;-;-;-;704240925;-
5;112;-;-;8920169;-;-;108898598
5;112;485;-;-;-;213776019;-
5;112;486;-;-;-;161874378;-
5;112;487;-;-;-;133058313;-
5;112;488;-;-;-;195532215;-
5;113;-;-;-;-;696504647;-
5;113;-;-;8920170;-;-;149171674
5;113;489;-;-;-;88938392;-
5;113;490;-;-;-;138881296;-
5;113;491;-;-;-;148407047;-
5;113;492;-;-;-;119027240;-
5;113;493;-;-;-;102319809;-
5;113;494;-;-;-;98930863;-
5;114;-;-;-;-;597902117;-
5;114;-;-;8920171;-;-;102847830
5;114;495;-;-;-;136625338;-
5;114;496;-;-;-;129617999;-
5;114;497;-;-;-;195351950;-
5;114;498;-;-;-;136306830;-
5;115;-;-;-;-;546275473;-
5;115;-;-;8920172;-;-;130825928
5;115;499;-;-;-;225122732;-
5;115;500;-;-;-;166482975;-
5;115;501;-;-;-;154669766;-
5;116;-;-;-;-;541911025;-
5;116;-;-;8920173;-;-;106985808
5;116;502;-;-;-;140792083;-
5;116;503;-;-;-;139905219;-
5;116;504;-;-;-;107828657;-
5;116;505;-;-;-;153385066;-
5;117;-;-;-;-;711586356;-
5;117;-;-;8920174;-;-;130796600
5;117;506;-;-;-;185216810;-
5;117;507;-;-;-;296984903;-
5;117;508;-;-;-;229384643;-
5;118;-;-;-;-;713175258;-
5;118;-;-;8920175;-;-;135643160
5;118;509;-;-;-;154616770;-
5;118;510;-;-;-;214727814;-
5;118;511;-;-;-;142371772;-
5;118;512;-;-;-;201458902;-
